﻿pos_x,pos_y,rotation,side,designator,mpn,pack,footprint,value,mount_type
96.0,-58.5,0.0,top,BT1,,,PinHeader_1x02_P2.54mm_Vertical,9V,tht
104.9,-73.55,180.0,top,C1,,,C_1206_3216Metric_Pad1.33x1.80mm_HandSolder,0.1uf,smt
116.4375,-67.45,0.0,top,C2,,,C_1206_3216Metric_Pad1.33x1.80mm_HandSolder,1uf,smt
116.5,-78.7,0.0,top,C3,,,C_1206_3216Metric_Pad1.33x1.80mm_HandSolder,1uf,smt
116.0,-90.95,0.0,top,C4,,,C_1206_3216Metric_Pad1.33x1.80mm_HandSolder,1uf,smt
104.5125,-63.45,0.0,top,D1,,,LED_1206_3216Metric_Pad1.42x1.75mm_HandSolder,LED,smt
141.65,-136.75,90.0,top,J1,,None,REAN_NYS2152G,NYS2152G,tht
141.65,-46.75,90.0,top,J2,,None,REAN_NYS2152G,NYS2152G,tht
141.65,-76.75,90.0,top,J3,,None,REAN_NYS2152G,NYS2152G,tht
141.65,-107.25,90.0,top,J4,,None,REAN_NYS2152G,NYS2152G,tht
96.0,-49.0,180.0,top,J5,,,PinHeader_1x03_P2.54mm_Vertical,PWR(-),tht
119.0,-60.95,180.0,top,Q1,,,SOT-23-3,2N5457,smt
111.6375,-76.4,180.0,top,Q2,,,SOT-23-3,2N5457,smt
111.3625,-90.4,180.0,top,Q3,,,SOT-23-3,2N5457,smt
102.4,-78.5,-90.0,top,R1,,,R_1206_3216Metric_Pad1.30x1.75mm_HandSolder,10M,smt
110.0,-63.45,180.0,top,R10,,,R_1206_3216Metric_Pad1.30x1.75mm_HandSolder,330,smt
107.5,-78.5,-90.0,top,R2,,,R_1206_3216Metric_Pad1.30x1.75mm_HandSolder,2.2M,smt
115.0,-60.9,-90.0,top,R3,,,R_1206_3216Metric_Pad1.30x1.75mm_HandSolder,2.2M,smt
121.95,-67.45,0.0,top,R4,,,R_1206_3216Metric_Pad1.30x1.75mm_HandSolder,10k,smt
119.45,-71.95,0.0,top,R5,,,R_1206_3216Metric_Pad1.30x1.75mm_HandSolder,100k,smt
121.95,-78.7,0.0,top,R6,,,R_1206_3216Metric_Pad1.30x1.75mm_HandSolder,10k,smt
118.95,-83.2,0.0,top,R7,,,R_1206_3216Metric_Pad1.30x1.75mm_HandSolder,100k,smt
122.0,-90.95,0.0,top,R8,,,R_1206_3216Metric_Pad1.30x1.75mm_HandSolder,10k,smt
119.0,-94.95,0.0,top,R9,,,R_1206_3216Metric_Pad1.30x1.75mm_HandSolder,100k,smt
142.0,-32.0,0.0,top,SW1,,,PushButton Switch,SW_SPDT,tht
142.0,-61.5,0.0,top,SW2,,,PushButton Switch,SW_SPDT,tht
142.0,-91.5,0.0,top,SW3,,,PushButton Switch,SW_SPDT,tht
