﻿pos_x,pos_y,rotation,side,designator,mpn,pack,footprint,value,mount_type
169.46,-63.5,90.0,top,BT1,,,PinHeader_1x02_P2.54mm_Vertical,9V,tht
169.9,-77.6,180.0,top,C1,,,C_1206_3216Metric_Pad1.33x1.80mm_HandSolder,0.1uf,smt
181.4375,-71.5,0.0,top,C2,,,C_1206_3216Metric_Pad1.33x1.80mm_HandSolder,1uf,smt
181.5,-82.75,0.0,top,C3,,,C_1206_3216Metric_Pad1.33x1.80mm_HandSolder,1uf,smt
181.0,-95.0,0.0,top,C4,,,C_1206_3216Metric_Pad1.33x1.80mm_HandSolder,1uf,smt
169.5125,-67.5,0.0,top,D1,,,LED_1206_3216Metric_Pad1.42x1.75mm_HandSolder,LED,smt
167.5,-124.0,-90.0,top,J1,,None,REAN_NYS2152G,NYS2152G,tht
206.65,-75.75,90.0,top,J2,,None,REAN_NYS2152G,NYS2152G,tht
206.65,-105.75,90.0,top,J3,,None,REAN_NYS2152G,NYS2152G,tht
206.65,-136.25,90.0,top,J4,,None,REAN_NYS2152G,NYS2152G,tht
174.54,-59.0,-90.0,top,J5,,,PinHeader_1x03_P2.54mm_Vertical,PWR(-),tht
184.0,-65.0,180.0,top,Q1,,,SOT-23-3,2N5457,smt
176.6375,-80.45,180.0,top,Q2,,,SOT-23-3,2N5457,smt
176.3625,-94.45,180.0,top,Q3,,,SOT-23-3,2N5457,smt
167.4,-82.55,-90.0,top,R1,,,R_1206_3216Metric_Pad1.30x1.75mm_HandSolder,10M,smt
175.0,-67.5,180.0,top,R10,,,R_1206_3216Metric_Pad1.30x1.75mm_HandSolder,330,smt
172.5,-82.55,-90.0,top,R2,,,R_1206_3216Metric_Pad1.30x1.75mm_HandSolder,2.2M,smt
180.0,-64.95,-90.0,top,R3,,,R_1206_3216Metric_Pad1.30x1.75mm_HandSolder,2.2M,smt
186.95,-71.5,0.0,top,R4,,,R_1206_3216Metric_Pad1.30x1.75mm_HandSolder,10k,smt
184.45,-76.0,0.0,top,R5,,,R_1206_3216Metric_Pad1.30x1.75mm_HandSolder,100k,smt
186.95,-82.75,0.0,top,R6,,,R_1206_3216Metric_Pad1.30x1.75mm_HandSolder,10k,smt
183.95,-87.25,0.0,top,R7,,,R_1206_3216Metric_Pad1.30x1.75mm_HandSolder,100k,smt
187.0,-95.0,0.0,top,R8,,,R_1206_3216Metric_Pad1.30x1.75mm_HandSolder,10k,smt
184.0,-99.0,0.0,top,R9,,,R_1206_3216Metric_Pad1.30x1.75mm_HandSolder,100k,smt
207.0,-61.0,0.0,top,SW1,,,PushButton Switch,SW_SPDT,tht
207.0,-90.5,0.0,top,SW2,,,PushButton Switch,SW_SPDT,tht
207.0,-120.5,0.0,top,SW3,,,PushButton Switch,SW_SPDT,tht
