﻿Designator,Quantity,Value,Footprint,Package,MPN,DNP,Mount_Type,Description,Sim.Pins,MF,MAXIMUM_PACKAGE_HEIGHT,Price,Check_prices,STANDARD,PARTREV,SnapEDA_Link,MP,Description_1,Availability,MANUFACTURER
BT1,1,9V,PinHeader_1x02_P2.54mm_Vertical,,,,tht,Single-cell battery,,,,,,,,,,,,
C1,1,0.1uf,C_1206_3216Metric_Pad1.33x1.80mm_HandSolder,,,,smt,Unpolarized capacitor,,,,,,,,,,,,
"C2, C3, C4",3,1uf,C_1206_3216Metric_Pad1.33x1.80mm_HandSolder,,,,smt,Unpolarized capacitor,,,,,,,,,,,,
D1,1,LED,LED_1206_3216Metric_Pad1.42x1.75mm_HandSolder,,,,smt,Light emitting diode,1=K 2=A,,,,,,,,,,,
"J1, J2, J3, J4",4,NYS2152G,REAN_NYS2152G,None,,,tht,,,Neutrik,15.85mm,None,https://www.snapeda.com/parts/NYS2152G/Neutrik/view-part/?ref=eda,Manufacturer Recommendations,2015.06.01,https://www.snapeda.com/parts/NYS2152G/Neutrik/view-part/?ref=snap,NYS2152G,Rean Jack 1/4 mono - PCBH - chrome ferrule and nut- gold contacts | Neutrik NYS2152G,In Stock,Rean
J5,1,PWR(-),PinHeader_1x03_P2.54mm_Vertical,,,,tht,DC Barrel Jack with an internal switch,,,,,,,,,,,,
"Q1, Q2, Q3",3,2N5457,SOT-23-3,,,,smt,"N-JFET transistor, source/drain/gate",,,,,,,,,,,,
R1,1,10M,R_1206_3216Metric_Pad1.30x1.75mm_HandSolder,,,,smt,"Resistor, US symbol",,,,,,,,,,,,
R10,1,330,R_1206_3216Metric_Pad1.30x1.75mm_HandSolder,,,,smt,"Resistor, US symbol",,,,,,,,,,,,
"R2, R3",2,2.2M,R_1206_3216Metric_Pad1.30x1.75mm_HandSolder,,,,smt,"Resistor, US symbol",,,,,,,,,,,,
"R4, R6, R8",3,10k,R_1206_3216Metric_Pad1.30x1.75mm_HandSolder,,,,smt,"Resistor, US symbol",,,,,,,,,,,,
"R5, R7, R9",3,100k,R_1206_3216Metric_Pad1.30x1.75mm_HandSolder,,,,smt,"Resistor, US symbol",,,,,,,,,,,,
"SW1, SW2, SW3",3,SW_SPDT,PushButton Switch,,,,tht,Single Pole Single Throw (SPST) switch,,,,,,,,,,,,
